,angulo,xs,contagens,inc_w2
0,2.0,,0.0,
1,6.0,,0.0,
2,10.0,,0.0,
3,14.0,,0.0,
4,18.0,,0.0,
5,22.0,25.610626,17.0,6.211489
6,26.0,19.31061,15.0,4.985978
7,30.0,9.029562,8.0,3.1924322
8,34.0,10.092181,10.0,3.191428
9,38.0,8.249872,9.0,2.7499576
10,42.0,7.5906386,9.0,2.5302129
11,46.0,1.569071,2.0,1.1095008
12,50.0,5.1569247,7.0,1.9491343
13,54.0,6.9757204,10.0,2.2059164
14,58.0,2.6618662,4.0,1.3309331
15,62.0,1.9174896,3.0,1.1070632
16,66.0,,0.0,
17,70.0,,0.0,
18,74.0,,0.0,
19,78.0,,0.0,
20,82.0,,0.0,
21,86.0,,0.0,
22,90.0,,0.0,
23,94.0,,0.0,
24,98.0,,0.0,
25,102.0,,0.0,
26,106.0,,0.0,
27,110.0,,0.0,
28,114.0,,0.0,
29,118.0,,0.0,
30,122.0,,0.0,
31,126.0,,0.0,
32,130.0,,0.0,
33,134.0,,0.0,
34,138.0,,0.0,
35,142.0,,0.0,
36,146.0,,0.0,
37,150.0,,0.0,
38,154.0,,0.0,
39,158.0,,0.0,
40,162.0,,0.0,
41,166.0,,0.0,
42,170.0,,0.0,
43,174.0,,0.0,
44,178.0,,0.0,
