,angulo,xs,contagens,inc_w2
0,2.0,,0.0,
1,6.0,,0.0,
2,10.0,,0.0,
3,14.0,,0.0,
4,18.0,,0.0,
5,22.0,28.623642,19.0,6.5667143
6,26.0,29.609594,23.0,6.1740274
7,30.0,29.346083,26.0,5.7552404
8,34.0,23.212019,23.0,4.8400407
9,38.0,38.4994,42.0,5.940586
10,42.0,23.615322,28.0,4.4628763
11,46.0,24.320599,31.0,4.3681087
12,50.0,20.627697,28.0,3.8982682
13,54.0,9.766008,14.0,2.6100755
14,58.0,1.9963996,3.0,1.1526219
15,62.0,1.9174896,3.0,1.1070632
16,66.0,,0.0,
17,70.0,,0.0,
18,74.0,,0.0,
19,78.0,,0.0,
20,82.0,,0.0,
21,86.0,,0.0,
22,90.0,,0.0,
23,94.0,,0.0,
24,98.0,,0.0,
25,102.0,,0.0,
26,106.0,,0.0,
27,110.0,,0.0,
28,114.0,0.6177552,1.0,0.6177552
29,118.0,,0.0,
30,122.0,,0.0,
31,126.0,,0.0,
32,130.0,,0.0,
33,134.0,,0.0,
34,138.0,,0.0,
35,142.0,,0.0,
36,146.0,,0.0,
37,150.0,,0.0,
38,154.0,,0.0,
39,158.0,,0.0,
40,162.0,,0.0,
41,166.0,,0.0,
42,170.0,,0.0,
43,174.0,,0.0,
44,178.0,,0.0,
