,angulo,xs,contagens,inc_w2
0,2.0,,0.0,
1,6.0,,0.0,
2,10.0,,0.0,
3,14.0,,0.0,
4,18.0,,0.0,
5,22.0,1.5065075,1.0,1.5065075
6,26.0,14.161115,11.0,4.269737
7,30.0,27.088692,24.0,5.529456
8,34.0,20.184364,20.0,4.513361
9,38.0,20.166355,22.0,4.2994814
10,42.0,11.807661,14.0,3.15573
11,46.0,7.8453546,10.0,2.480919
12,50.0,0.7367035,1.0,0.7367035
13,54.0,2.0927162,3.0,1.2082303
14,58.0,,0.0,
15,62.0,0.6391632,1.0,0.6391632
16,66.0,,0.0,
17,70.0,,0.0,
18,74.0,,0.0,
19,78.0,,0.0,
20,82.0,,0.0,
21,86.0,,0.0,
22,90.0,,0.0,
23,94.0,,0.0,
24,98.0,,0.0,
25,102.0,,0.0,
26,106.0,,0.0,
27,110.0,,0.0,
28,114.0,,0.0,
29,118.0,,0.0,
30,122.0,,0.0,
31,126.0,,0.0,
32,130.0,,0.0,
33,134.0,,0.0,
34,138.0,,0.0,
35,142.0,,0.0,
36,146.0,,0.0,
37,150.0,,0.0,
38,154.0,,0.0,
39,158.0,,0.0,
40,162.0,,0.0,
41,166.0,,0.0,
42,170.0,,0.0,
43,174.0,,0.0,
44,178.0,,0.0,
