,angulo,xs,contagens,inc_w2
0,2.0,,0.0,
1,6.0,,1.0,
2,10.0,,0.0,
3,14.0,,0.0,
4,18.0,,4.0,
5,22.0,19.584597,13.0,5.43179
6,26.0,20.597982,16.0,5.1494956
7,30.0,21.44521,19.0,4.9198685
8,34.0,33.304203,33.0,5.797518
9,38.0,29.332882,32.0,5.18537
10,42.0,21.08511,25.0,4.217022
11,46.0,22.751532,29.0,4.2248535
12,50.0,16.207478,22.0,3.4554458
13,54.0,9.766008,14.0,2.6100755
14,58.0,9.316531,14.0,2.4899476
15,62.0,1.2783264,2.0,0.90391326
16,66.0,,0.0,
17,70.0,,0.0,
18,74.0,,0.0,
19,78.0,,0.0,
20,82.0,,0.0,
21,86.0,,0.0,
22,90.0,,0.0,
23,94.0,,0.0,
24,98.0,,0.0,
25,102.0,,0.0,
26,106.0,,0.0,
27,110.0,,0.0,
28,114.0,,0.0,
29,118.0,,0.0,
30,122.0,,0.0,
31,126.0,,0.0,
32,130.0,,0.0,
33,134.0,,0.0,
34,138.0,,0.0,
35,142.0,,0.0,
36,146.0,,0.0,
37,150.0,,0.0,
38,154.0,,0.0,
39,158.0,,0.0,
40,162.0,,0.0,
41,166.0,,0.0,
42,170.0,,0.0,
43,174.0,,0.0,
44,178.0,,0.0,
