,angulo,xs,contagens,inc_w2
0,2.0,,0.0,
1,6.0,,0.0,
2,10.0,,0.0,
3,14.0,,0.0,
4,18.0,,5.0,
5,22.0,19.584597,13.0,5.43179
6,26.0,23.172728,18.0,5.461864
7,30.0,13.544345,12.0,3.9099154
8,34.0,2.0184364,2.0,1.42725
9,38.0,13.749787,15.0,3.5501797
10,42.0,7.5906386,9.0,2.5302129
11,46.0,6.276284,8.0,2.2190015
12,50.0,2.946814,4.0,1.473407
13,54.0,5.5805764,8.0,1.9730316
14,58.0,7.9855986,12.0,2.3052437
15,62.0,5.1133056,8.0,1.8078265
16,66.0,0.61775535,1.0,0.61775535
17,70.0,,0.0,
18,74.0,0.5870905,1.0,0.5870905
19,78.0,,0.0,
20,82.0,,0.0,
21,86.0,,0.0,
22,90.0,,0.0,
23,94.0,,0.0,
24,98.0,,0.0,
25,102.0,,0.0,
26,106.0,,0.0,
27,110.0,,0.0,
28,114.0,,0.0,
29,118.0,,0.0,
30,122.0,,0.0,
31,126.0,,0.0,
32,130.0,,0.0,
33,134.0,,0.0,
34,138.0,,0.0,
35,142.0,,0.0,
36,146.0,,0.0,
37,150.0,,0.0,
38,154.0,,0.0,
39,158.0,,0.0,
40,162.0,,0.0,
41,166.0,,0.0,
42,170.0,,0.0,
43,174.0,,0.0,
44,178.0,,0.0,
