,angulo,xs,contagens,inc_w2
0,2.0,,0.0,
1,6.0,,0.0,
2,10.0,,0.0,
3,14.0,,0.0,
4,18.0,,0.0,
5,22.0,9.039044,6.0,3.6901746
6,26.0,24.460102,19.0,5.6115327
7,30.0,37.24694,33.0,6.4838605
8,34.0,35.322643,35.0,5.970617
9,38.0,36.6661,40.0,5.7974195
10,42.0,33.73617,40.0,5.334157
11,46.0,15.690711,20.0,3.5085497
12,50.0,13.997369,19.0,3.2112167
13,54.0,6.2781487,9.0,2.0927162
14,58.0,,0.0,
15,62.0,,0.0,
16,66.0,,0.0,
17,70.0,,0.0,
18,74.0,,0.0,
19,78.0,,0.0,
20,82.0,,0.0,
21,86.0,,0.0,
22,90.0,,0.0,
23,94.0,,0.0,
24,98.0,,0.0,
25,102.0,,0.0,
26,106.0,,0.0,
27,110.0,0.600566,1.0,0.600566
28,114.0,,0.0,
29,118.0,,0.0,
30,122.0,0.66546625,1.0,0.66546625
31,126.0,,0.0,
32,130.0,,0.0,
33,134.0,,0.0,
34,138.0,,0.0,
35,142.0,,0.0,
36,146.0,,0.0,
37,150.0,,0.0,
38,154.0,,0.0,
39,158.0,,0.0,
40,162.0,,0.0,
41,166.0,,0.0,
42,170.0,,0.0,
43,174.0,,0.0,
44,178.0,,0.0,
