,angulo,xs,contagens,inc_w1
0,2.0,,0.0,
1,6.0,,0.0,
2,10.0,,0.0,
3,14.0,,1.0,
4,18.0,,0.0,
5,22.0,63.273315,42.0,9.763284
6,26.0,253.6127,197.0,18.069157
7,30.0,229.1251,203.0,16.08143
8,34.0,177.62239,176.0,13.388792
9,38.0,131.99794,144.0,10.999828
10,42.0,92.77448,110.0,8.845699
11,46.0,40.79585,52.0,5.6573663
12,50.0,11.050553,15.0,2.8532405
13,54.0,4.883004,7.0,1.845602
14,58.0,1.9963996,3.0,1.1526219
15,62.0,1.9174896,3.0,1.1070632
16,66.0,,0.0,
17,70.0,,0.0,
18,74.0,,0.0,
19,78.0,1.1539109,2.0,0.8159382
20,82.0,,0.0,
21,86.0,,0.0,
22,90.0,,0.0,
23,94.0,,0.0,
24,98.0,,0.0,
25,102.0,,0.0,
26,106.0,,0.0,
27,110.0,,0.0,
28,114.0,,0.0,
29,118.0,,0.0,
30,122.0,,0.0,
31,126.0,,0.0,
32,130.0,,0.0,
33,134.0,,0.0,
34,138.0,,0.0,
35,142.0,,0.0,
36,146.0,,0.0,
37,150.0,,0.0,
38,154.0,,0.0,
39,158.0,,0.0,
40,162.0,,0.0,
41,166.0,,0.0,
42,170.0,,0.0,
43,174.0,,0.0,
44,178.0,,0.0,
