,angulo,xs,contagens,inc_w1
0,2.0,,0.0,
1,6.0,,1.0,
2,10.0,,0.0,
3,14.0,,0.0,
4,18.0,,21.0,
5,22.0,109.97506,73.0,12.871607
6,26.0,155.77225,121.0,14.161114
7,30.0,156.88863,139.0,13.307119
8,34.0,175.60394,174.0,13.3125
9,38.0,157.66422,172.0,12.021784
10,42.0,134.10132,159.0,10.634926
11,46.0,111.40405,142.0,9.34882
12,50.0,75.88047,103.0,7.476725
13,54.0,42.55189,61.0,5.4482117
14,58.0,18.63306,28.0,3.5213175
15,62.0,5.1133056,8.0,1.8078265
16,66.0,1.2355107,2.0,0.873638
17,70.0,0.60056615,1.0,0.60056615
18,74.0,,0.0,
19,78.0,,0.0,
20,82.0,,0.0,
21,86.0,,0.0,
22,90.0,,0.0,
23,94.0,,0.0,
24,98.0,,0.0,
25,102.0,,0.0,
26,106.0,0.5870904,1.0,0.5870904
27,110.0,,0.0,
28,114.0,,0.0,
29,118.0,,0.0,
30,122.0,,0.0,
31,126.0,,0.0,
32,130.0,,0.0,
33,134.0,,0.0,
34,138.0,,0.0,
35,142.0,,0.0,
36,146.0,,0.0,
37,150.0,,0.0,
38,154.0,,0.0,
39,158.0,,0.0,
40,162.0,,0.0,
41,166.0,,0.0,
42,170.0,,0.0,
43,174.0,,0.0,
44,178.0,,0.0,
