,angulo,xs,contagens,inc_w1
0,2.0,,0.0,
1,6.0,,0.0,
2,10.0,,0.0,
3,14.0,,0.0,
4,18.0,,1.0,
5,22.0,102.442505,68.0,12.422978
6,26.0,242.0263,188.0,17.651583
7,30.0,277.6591,246.0,17.702898
8,34.0,176.61319,175.0,13.350703
9,38.0,149.41432,163.0,11.703033
10,42.0,113.0162,134.0,9.763113
11,46.0,65.90098,84.0,7.1903863
12,50.0,25.04792,34.0,4.295683
13,54.0,12.556297,18.0,2.9595475
14,58.0,4.658265,7.0,1.7606587
15,62.0,1.9174896,3.0,1.1070632
16,66.0,,0.0,
17,70.0,,0.0,
18,74.0,,0.0,
19,78.0,0.57695544,1.0,0.57695544
20,82.0,,0.0,
21,86.0,,0.0,
22,90.0,,0.0,
23,94.0,,0.0,
24,98.0,,0.0,
25,102.0,,0.0,
26,106.0,,0.0,
27,110.0,,0.0,
28,114.0,,0.0,
29,118.0,,0.0,
30,122.0,,0.0,
31,126.0,,0.0,
32,130.0,,0.0,
33,134.0,,0.0,
34,138.0,,0.0,
35,142.0,1.8333035,2.0,1.2963413
36,146.0,,0.0,
37,150.0,,0.0,
38,154.0,,0.0,
39,158.0,,0.0,
40,162.0,,0.0,
41,166.0,,0.0,
42,170.0,,0.0,
43,174.0,,0.0,
44,178.0,,0.0,
