,angulo,xs,contagens,inc_w1
0,2.0,,0.0,
1,6.0,,0.0,
2,10.0,,0.0,
3,14.0,,1.0,
4,18.0,,0.0,
5,22.0,6.02603,4.0,3.013015
6,26.0,27.034857,21.0,5.8994894
7,30.0,106.09734,94.0,10.943106
8,34.0,79.728226,79.0,8.970126
9,38.0,43.08267,47.0,6.284253
10,42.0,12.651066,15.0,3.2664912
11,46.0,6.2762837,8.0,2.2190013
12,50.0,4.4202213,6.0,1.8045479
13,54.0,0.69757205,1.0,0.69757205
14,58.0,0.66546655,1.0,0.66546655
15,62.0,0.6391632,1.0,0.6391632
16,66.0,0.61775535,1.0,0.61775535
17,70.0,,0.0,
18,74.0,0.5870905,1.0,0.5870905
19,78.0,,0.0,
20,82.0,,0.0,
21,86.0,,0.0,
22,90.0,,0.0,
23,94.0,,0.0,
24,98.0,,0.0,
25,102.0,,0.0,
26,106.0,,0.0,
27,110.0,,0.0,
28,114.0,,0.0,
29,118.0,,0.0,
30,122.0,,0.0,
31,126.0,,0.0,
32,130.0,0.7367031,1.0,0.7367031
33,134.0,,0.0,
34,138.0,,0.0,
35,142.0,,0.0,
36,146.0,,0.0,
37,150.0,,0.0,
38,154.0,,0.0,
39,158.0,,0.0,
40,162.0,,0.0,
41,166.0,,0.0,
42,170.0,,0.0,
43,174.0,,0.0,
44,178.0,,0.0,
