,angulo,xs,contagens,inc_w1
0,2.0,,0.0,
1,6.0,,0.0,
2,10.0,,0.0,
3,14.0,,1.0,
4,18.0,,0.0,
5,22.0,10.545552,7.0,3.9858441
6,26.0,51.494957,40.0,8.142068
7,30.0,135.44342,120.0,12.364237
8,34.0,101.93103,101.0,10.142516
9,38.0,42.16601,46.0,6.217039
10,42.0,22.771917,27.0,4.3824573
11,46.0,6.2762837,8.0,2.2190013
12,50.0,5.893628,8.0,2.083712
13,54.0,2.0927162,3.0,1.2082303
14,58.0,1.9963996,3.0,1.1526219
15,62.0,0.6391632,1.0,0.6391632
16,66.0,,0.0,
17,70.0,0.60056615,1.0,0.60056615
18,74.0,,0.0,
19,78.0,,0.0,
20,82.0,0.5698937,1.0,0.5698937
21,86.0,,0.0,
22,90.0,,0.0,
23,94.0,,0.0,
24,98.0,,0.0,
25,102.0,,0.0,
26,106.0,,0.0,
27,110.0,,0.0,
28,114.0,,0.0,
29,118.0,,0.0,
30,122.0,,0.0,
31,126.0,,0.0,
32,130.0,,0.0,
33,134.0,,0.0,
34,138.0,,0.0,
35,142.0,,0.0,
36,146.0,,0.0,
37,150.0,,0.0,
38,154.0,,0.0,
39,158.0,,0.0,
40,162.0,,0.0,
41,166.0,,0.0,
42,170.0,,0.0,
43,174.0,,0.0,
44,178.0,,0.0,
