,angulo,xs,contagens,inc_w1
0,2.0,,0.0,
1,6.0,,0.0,
2,10.0,,1.0,
3,14.0,,1.0,
4,18.0,,14.0,
5,22.0,108.46854,72.0,12.783139
6,26.0,109.42677,85.0,11.869
7,30.0,134.31473,119.0,12.312611
8,34.0,121.106155,120.0,11.055429
9,38.0,131.08128,143.0,10.961567
10,42.0,122.293625,145.0,10.155933
11,46.0,130.23291,166.0,10.108034
12,50.0,89.87782,122.0,8.137156
13,54.0,59.9912,86.0,6.4690175
14,58.0,37.26612,56.0,4.9798946
15,62.0,10.865774,17.0,2.6353374
16,66.0,3.7065322,6.0,1.5131855
17,70.0,,0.0,
18,74.0,,0.0,
19,78.0,,0.0,
20,82.0,,0.0,
21,86.0,,0.0,
22,90.0,,0.0,
23,94.0,,0.0,
24,98.0,,0.0,
25,102.0,,0.0,
26,106.0,,0.0,
27,110.0,,0.0,
28,114.0,,0.0,
29,118.0,0.63916296,1.0,0.63916296
30,122.0,,0.0,
31,126.0,,0.0,
32,130.0,,0.0,
33,134.0,,0.0,
34,138.0,,0.0,
35,142.0,,0.0,
36,146.0,,0.0,
37,150.0,,0.0,
38,154.0,,0.0,
39,158.0,,0.0,
40,162.0,,0.0,
41,166.0,,0.0,
42,170.0,,0.0,
43,174.0,,0.0,
44,178.0,,0.0,
