,angulo,xs,contagens,inc_w1
0,2.0,,0.0,
1,6.0,,0.0,
2,10.0,,0.0,
3,14.0,,0.0,
4,18.0,,16.0,
5,22.0,129.55962,86.0,13.970773
6,26.0,159.63437,124.0,14.335589
7,30.0,173.81903,154.0,14.006737
8,34.0,165.51176,164.0,12.924297
9,38.0,164.08076,179.0,12.263972
10,42.0,149.28258,177.0,11.220765
11,46.0,113.75766,145.0,9.44706
12,50.0,78.09056,106.0,7.5848265
13,54.0,35.576176,51.0,4.9816613
14,58.0,23.291327,35.0,3.936953
15,62.0,5.1133056,8.0,1.8078265
16,66.0,0.61775535,1.0,0.61775535
17,70.0,1.2011323,2.0,0.84932876
18,74.0,0.5870905,1.0,0.5870905
19,78.0,,0.0,
20,82.0,,0.0,
21,86.0,,0.0,
22,90.0,,0.0,
23,94.0,,0.0,
24,98.0,,0.0,
25,102.0,,0.0,
26,106.0,,0.0,
27,110.0,,0.0,
28,114.0,,0.0,
29,118.0,,0.0,
30,122.0,,0.0,
31,126.0,,0.0,
32,130.0,,0.0,
33,134.0,,0.0,
34,138.0,,0.0,
35,142.0,,0.0,
36,146.0,,0.0,
37,150.0,,0.0,
38,154.0,,0.0,
39,158.0,,0.0,
40,162.0,,0.0,
41,166.0,,0.0,
42,170.0,,0.0,
43,174.0,,0.0,
44,178.0,,0.0,
