,angulo,xs,contagens,inc_w1
0,2.0,,0.0,
1,6.0,,0.0,
2,10.0,,0.0,
3,14.0,,1.0,
4,18.0,,0.0,
5,22.0,10.545552,7.0,3.9858441
6,26.0,133.8869,104.0,13.128691
7,30.0,195.26427,173.0,14.845668
8,34.0,99.9126,99.0,10.041594
9,38.0,78.83211,86.0,8.500685
10,42.0,30.362558,36.0,5.0604267
11,46.0,10.983498,14.0,2.9354632
12,50.0,5.893628,8.0,2.083712
13,54.0,2.0927162,3.0,1.2082303
14,58.0,3.9927988,6.0,1.6300534
15,62.0,0.6391632,1.0,0.6391632
16,66.0,0.61775535,1.0,0.61775535
17,70.0,0.60056615,1.0,0.60056615
18,74.0,,0.0,
19,78.0,,0.0,
20,82.0,,0.0,
21,86.0,,0.0,
22,90.0,,0.0,
23,94.0,,0.0,
24,98.0,,0.0,
25,102.0,,0.0,
26,106.0,,0.0,
27,110.0,,0.0,
28,114.0,,0.0,
29,118.0,,0.0,
30,122.0,,0.0,
31,126.0,,0.0,
32,130.0,,0.0,
33,134.0,,0.0,
34,138.0,,0.0,
35,142.0,,0.0,
36,146.0,,0.0,
37,150.0,,0.0,
38,154.0,,0.0,
39,158.0,,0.0,
40,162.0,,0.0,
41,166.0,,0.0,
42,170.0,3.2499366,1.0,3.2499366
43,174.0,,0.0,
44,178.0,,0.0,
