,angulo,xs,contagens,inc_w1
0,2.0,,0.0,
1,6.0,,0.0,
2,10.0,,0.0,
3,14.0,,0.0,
4,18.0,,1.0,
5,22.0,1.5065075,1.0,1.5065075
6,26.0,10.298993,8.0,3.641244
7,30.0,57.563457,51.0,8.060496
8,34.0,50.460907,50.0,7.13625
9,38.0,22.916313,25.0,4.583263
10,42.0,10.964256,13.0,3.0409377
11,46.0,4.7072134,6.0,1.9217119
12,50.0,3.6835177,5.0,1.6473192
13,54.0,2.7902882,4.0,1.3951441
14,58.0,1.9963996,3.0,1.1526219
15,62.0,3.8349793,6.0,1.5656238
16,66.0,0.61775535,1.0,0.61775535
17,70.0,,0.0,
18,74.0,,0.0,
19,78.0,,0.0,
20,82.0,,0.0,
21,86.0,,0.0,
22,90.0,,0.0,
23,94.0,,0.0,
24,98.0,,0.0,
25,102.0,,0.0,
26,106.0,,0.0,
27,110.0,,0.0,
28,114.0,,0.0,
29,118.0,,0.0,
30,122.0,,0.0,
31,126.0,,0.0,
32,130.0,,0.0,
33,134.0,,0.0,
34,138.0,,0.0,
35,142.0,,0.0,
36,146.0,,0.0,
37,150.0,,0.0,
38,154.0,,0.0,
39,158.0,,0.0,
40,162.0,,0.0,
41,166.0,,0.0,
42,170.0,,0.0,
43,174.0,,0.0,
44,178.0,,0.0,
